rutina,nivel,n,rep,cycles,instructions,ipc
iter,asm,16,1,42775717,71878535,1.6803
iter,asm,16,2,42723616,71878533,1.6824
iter,asm,16,3,42946291,71878535,1.6736
iter,asm,16,4,42761264,71878533,1.6809
iter,asm,16,5,43101307,71878533,1.6676
iter,asm,16,6,42780714,71878534,1.6801
iter,asm,16,7,42693744,71878535,1.6835
iter,asm,16,8,42765495,71878535,1.6807
iter,asm,16,9,42718405,71878536,1.6826
iter,asm,16,10,42817219,71878535,1.6787
iter,asm,16,11,42866651,71878535,1.6767
iter,asm,16,12,42863135,71878536,1.6769
iter,asm,16,13,42891990,71878534,1.6758
iter,asm,16,14,42854951,71878533,1.6772
iter,asm,16,15,42969389,71878534,1.6727
iter,asm,16,16,43620519,71878547,1.6478
iter,asm,16,17,42871803,71878535,1.6765
iter,asm,16,18,42952452,71878538,1.6734
iter,asm,16,19,43081141,71878537,1.6684
iter,asm,16,20,42735182,71878534,1.6819
iter,asm,16,21,42749861,71878534,1.6813
iter,asm,16,22,42793669,71878533,1.6796
iter,asm,16,23,42829302,71878535,1.6782
iter,asm,16,24,43559053,71878539,1.6501
iter,asm,16,25,43859301,71878535,1.6388
iter,asm,16,26,43653241,71878534,1.6465
iter,asm,16,27,42714565,71878536,1.6827
iter,asm,16,28,42752509,71878536,1.6812
iter,asm,16,29,42972219,71878535,1.6726
iter,asm,16,30,42733674,71878534,1.6820
iter,asm,32,1,41651658,66174386,1.5887
iter,asm,32,2,41774260,66174383,1.5840
iter,asm,32,3,41819918,66174387,1.5823
iter,asm,32,4,41691972,66174392,1.5872
iter,asm,32,5,41817616,66174390,1.5824
iter,asm,32,6,41666825,66174414,1.5881
iter,asm,32,7,41655077,66174386,1.5886
iter,asm,32,8,42102382,66174389,1.5717
iter,asm,32,9,41650744,66174384,1.5887
iter,asm,32,10,41641788,66174387,1.5891
iter,asm,32,11,41649280,66174386,1.5888
iter,asm,32,12,41669414,66174386,1.5880
iter,asm,32,13,41594141,66174390,1.5909
iter,asm,32,14,41701141,66174387,1.5868
iter,asm,32,15,41628550,66174385,1.5896
iter,asm,32,16,41562462,66174387,1.5921
iter,asm,32,17,41705657,66174386,1.5867
iter,asm,32,18,41587644,66174386,1.5912
iter,asm,32,19,41760405,66174386,1.5846
iter,asm,32,20,41834485,66174385,1.5818
iter,asm,32,21,41653175,66174386,1.5886
iter,asm,32,22,41600897,66174386,1.5906
iter,asm,32,23,41626594,66174384,1.5897
iter,asm,32,24,41872701,66174390,1.5803
iter,asm,32,25,41588135,66174387,1.5911
iter,asm,32,26,41856936,66174390,1.5809
iter,asm,32,27,41708660,66174386,1.5865
iter,asm,32,28,41709829,66174386,1.5865
iter,asm,32,29,41677974,66174386,1.5877
iter,asm,32,30,42003491,66174386,1.5754
iter,asm,64,1,41070040,63190706,1.5386
iter,asm,64,2,41228413,63190709,1.5326
iter,asm,64,3,41101137,63190711,1.5374
iter,asm,64,4,41048301,63190706,1.5394
iter,asm,64,5,40984791,63190704,1.5418
iter,asm,64,6,41061042,63190706,1.5389
iter,asm,64,7,41026339,63190707,1.5402
iter,asm,64,8,41012221,63190704,1.5407
iter,asm,64,9,41787383,63190711,1.5121
iter,asm,64,10,40998372,63190705,1.5412
iter,asm,64,11,41269027,63190710,1.5311
iter,asm,64,12,41228239,63190706,1.5327
iter,asm,64,13,41021017,63190706,1.5404
iter,asm,64,14,41265468,63190706,1.5313
iter,asm,64,15,41160550,63190710,1.5352
iter,asm,64,16,41062574,63190706,1.5388
iter,asm,64,17,40972521,63190705,1.5422
iter,asm,64,18,41049188,63190707,1.5393
iter,asm,64,19,41049351,63190707,1.5393
iter,asm,64,20,41022437,63190705,1.5403
iter,asm,64,21,41022111,63190705,1.5404
iter,asm,64,22,41110118,63190707,1.5371
iter,asm,64,23,41079636,63190706,1.5382
iter,asm,64,24,41021247,63190706,1.5404
iter,asm,64,25,41010717,63190706,1.5408
iter,asm,64,26,44862262,63190714,1.4085
iter,asm,64,27,41292470,63190707,1.5303
iter,asm,64,28,41305879,63190706,1.5298
iter,asm,64,29,41339754,63190708,1.5285
iter,asm,64,30,41004846,63190705,1.5410
iter,asm,128,1,44338570,61663951,1.3907
iter,asm,128,2,44239417,61663951,1.3938
iter,asm,128,3,44282831,61663951,1.3925
iter,asm,128,4,44439498,61663951,1.3875
iter,asm,128,5,44544487,61663951,1.3843
iter,asm,128,6,44849750,61663953,1.3749
iter,asm,128,7,44870319,61663951,1.3742
iter,asm,128,8,44867227,61663950,1.3743
iter,asm,128,9,45210544,61663952,1.3639
iter,asm,128,10,44136540,61663952,1.3971
iter,asm,128,11,44807309,61663950,1.3762
iter,asm,128,12,44143070,61663951,1.3969
iter,asm,128,13,44662500,61663954,1.3806
iter,asm,128,14,44568155,61663956,1.3835
iter,asm,128,15,44159746,61663952,1.3963
iter,asm,128,16,44300893,61663955,1.3919
iter,asm,128,17,44580541,61663952,1.3832
iter,asm,128,18,44493013,61663951,1.3859
iter,asm,128,19,44149029,61663952,1.3967
iter,asm,128,20,44292067,61663951,1.3922
iter,asm,128,21,44128236,61663951,1.3973
iter,asm,128,22,45009495,61663952,1.3700
iter,asm,128,23,44925309,61663950,1.3725
iter,asm,128,24,44078083,61663950,1.3989
iter,asm,128,25,44302793,61663952,1.3918
iter,asm,128,26,44285223,61663950,1.3924
iter,asm,128,27,44814552,61663950,1.3759
iter,asm,128,28,47228411,61663951,1.3056
iter,asm,128,29,44242150,61663954,1.3937
iter,asm,128,30,44490828,61663952,1.3859
iter,asm,256,1,49826896,60892046,1.2220
iter,asm,256,2,49826912,60892046,1.2220
iter,asm,256,3,49879892,60892048,1.2207
iter,asm,256,4,49848446,60892047,1.2215
iter,asm,256,5,50198986,60892051,1.2130
iter,asm,256,6,49792257,60892048,1.2229
iter,asm,256,7,49808049,60892051,1.2225
iter,asm,256,8,49831433,60892047,1.2219
iter,asm,256,9,49785176,60892048,1.2230
iter,asm,256,10,49803855,60892046,1.2226
iter,asm,256,11,49740102,60892048,1.2242
iter,asm,256,12,49812258,60892048,1.2224
iter,asm,256,13,49855197,60892047,1.2213
iter,asm,256,14,49814427,60892048,1.2223
iter,asm,256,15,50189260,60892047,1.2132
iter,asm,256,16,49631451,60892048,1.2268
iter,asm,256,17,49766956,60892047,1.2235
iter,asm,256,18,50232457,60892054,1.2122
iter,asm,256,19,49836619,60892049,1.2218
iter,asm,256,20,49843836,60892048,1.2216
iter,asm,256,21,49848177,60892047,1.2215
iter,asm,256,22,49776491,60892047,1.2233
iter,asm,256,23,50089557,60892053,1.2156
iter,asm,256,24,49909515,60892046,1.2200
iter,asm,256,25,50168992,60892051,1.2137
iter,asm,256,26,49983829,60892050,1.2182
iter,asm,256,27,49905623,60892048,1.2201
iter,asm,256,28,49835890,60892049,1.2218
iter,asm,256,29,49800488,60892047,1.2227
iter,asm,256,30,50102515,60892050,1.2153
iter,asm,512,1,55113263,60503160,1.0977
iter,asm,512,2,55080565,60503160,1.0984
iter,asm,512,3,55134051,60503160,1.0973
iter,asm,512,4,55071588,60503159,1.0986
iter,asm,512,5,55102600,60503162,1.0980
iter,asm,512,6,55122477,60503160,1.0976
iter,asm,512,7,55070439,60503160,1.0986
iter,asm,512,8,55107664,60503160,1.0979
iter,asm,512,9,55139395,60503159,1.0972
iter,asm,512,10,55052173,60503160,1.0990
iter,asm,512,11,55126160,60503160,1.0975
iter,asm,512,12,55125439,60503160,1.0975
iter,asm,512,13,55110238,60503161,1.0978
iter,asm,512,14,55098723,60503160,1.0980
iter,asm,512,15,55162157,60503161,1.0968
iter,asm,512,16,55090992,60503161,1.0982
iter,asm,512,17,55105596,60503160,1.0979
iter,asm,512,18,55187517,60503161,1.0963
iter,asm,512,19,55110985,60503161,1.0978
iter,asm,512,20,55249440,60503160,1.0950
iter,asm,512,21,55111063,60503161,1.0978
iter,asm,512,22,55052820,60503162,1.0990
iter,asm,512,23,55068090,60503160,1.0986
iter,asm,512,24,55115587,60503161,1.0977
iter,asm,512,25,55101102,60503160,1.0980
iter,asm,512,26,55076661,60503160,1.0985
iter,asm,512,27,55078734,60503160,1.0984
iter,asm,512,28,55127127,60503160,1.0975
iter,asm,512,29,55103036,60503161,1.0980
iter,asm,512,30,55147499,60503160,1.0971
iter,O0,16,1,106707514,149525560,1.4012
iter,O0,16,2,106772133,149525560,1.4004
iter,O0,16,3,106739353,149525559,1.4008
iter,O0,16,4,106834571,149525564,1.3995
iter,O0,16,5,106846544,149525563,1.3994
iter,O0,16,6,106718335,149525560,1.4011
iter,O0,16,7,106769460,149525561,1.4004
iter,O0,16,8,106635233,149525562,1.4022
iter,O0,16,9,106767392,149525563,1.4004
iter,O0,16,10,106990026,149525558,1.3975
iter,O0,16,11,108590057,149525568,1.3769
iter,O0,16,12,107993181,149525562,1.3845
iter,O0,16,13,120589535,149525561,1.2399
iter,O0,16,14,119971729,149525568,1.2463
iter,O0,16,15,107481344,149525560,1.3911
iter,O0,16,16,107228201,149525559,1.3944
iter,O0,16,17,106819354,149525564,1.3997
iter,O0,16,18,106748870,149525560,1.4007
iter,O0,16,19,106806525,149525563,1.3999
iter,O0,16,20,106649734,149525561,1.4020
iter,O0,16,21,106788100,149525559,1.4002
iter,O0,16,22,106742855,149525560,1.4008
iter,O0,16,23,106701529,149525559,1.4013
iter,O0,16,24,107005017,149525559,1.3973
iter,O0,16,25,107741121,149525563,1.3878
iter,O0,16,26,106838064,149525562,1.3995
iter,O0,16,27,106851366,149525560,1.3993
iter,O0,16,28,106802651,149525561,1.4000
iter,O0,16,29,106701029,149525560,1.4013
iter,O0,16,30,106851413,149525560,1.3993
iter,O0,32,1,140020029,144962192,1.0352
iter,O0,32,2,138332021,144962193,1.0479
iter,O0,32,3,138928671,144962194,1.0434
iter,O0,32,4,138695703,144962192,1.0451
iter,O0,32,5,140481110,144962193,1.0318
iter,O0,32,6,137826025,144962192,1.0517
iter,O0,32,7,139307117,144962196,1.0405
iter,O0,32,8,138616482,144962196,1.0457
iter,O0,32,9,137250288,144962197,1.0561
iter,O0,32,10,142047223,144962192,1.0205
iter,O0,32,11,138498543,144962193,1.0466
iter,O0,32,12,141291774,144962193,1.0259
iter,O0,32,13,140592222,144962194,1.0310
iter,O0,32,14,141003713,144962193,1.0280
iter,O0,32,15,138467663,144962193,1.0469
iter,O0,32,16,139980656,144962196,1.0355
iter,O0,32,17,137653586,144962192,1.0530
iter,O0,32,18,138711307,144962195,1.0450
iter,O0,32,19,140464418,144962193,1.0320
iter,O0,32,20,139008723,144962193,1.0428
iter,O0,32,21,139126411,144962193,1.0419
iter,O0,32,22,140542265,144962193,1.0314
iter,O0,32,23,140666411,144962196,1.0305
iter,O0,32,24,139237385,144962193,1.0411
iter,O0,32,25,140714917,144962197,1.0301
iter,O0,32,26,141440712,144962194,1.0248
iter,O0,32,27,140375393,144962192,1.0326
iter,O0,32,28,138895787,144962193,1.0436
iter,O0,32,29,141694280,144962196,1.0230
iter,O0,32,30,145718569,144962210,.9948
iter,O0,64,1,148854871,142575250,.9578
iter,O0,64,2,149382724,142575254,.9544
iter,O0,64,3,150057046,142575254,.9501
iter,O0,64,4,149380509,142575276,.9544
iter,O0,64,5,151033201,142575249,.9439
iter,O0,64,6,149454266,142575257,.9539
iter,O0,64,7,149186292,142575254,.9556
iter,O0,64,8,149361117,142575252,.9545
iter,O0,64,9,149429237,142575249,.9541
iter,O0,64,10,150298397,142575253,.9486
iter,O0,64,11,149982114,142575256,.9506
iter,O0,64,12,150011748,142575252,.9504
iter,O0,64,13,150745670,142575250,.9457
iter,O0,64,14,150366662,142575253,.9481
iter,O0,64,15,150328423,142575256,.9484
iter,O0,64,16,152179730,142575250,.9368
iter,O0,64,17,150053869,142575252,.9501
iter,O0,64,18,150166715,142575254,.9494
iter,O0,64,19,149190682,142575249,.9556
iter,O0,64,20,151304002,142575253,.9423
iter,O0,64,21,151386008,142575250,.9417
iter,O0,64,22,149920317,142575252,.9510
iter,O0,64,23,152747469,142575257,.9334
iter,O0,64,24,152985235,142575252,.9319
iter,O0,64,25,150864387,142575254,.9450
iter,O0,64,26,150395532,142575254,.9480
iter,O0,64,27,150084849,142575250,.9499
iter,O0,64,28,151080205,142575254,.9437
iter,O0,64,29,150972407,142575250,.9443
iter,O0,64,30,149962230,142575253,.9507
iter,O0,128,1,145759488,141353490,.9697
iter,O0,128,2,144436776,141353491,.9786
iter,O0,128,3,144776722,141353489,.9763
iter,O0,128,4,144921641,141353494,.9753
iter,O0,128,5,145169073,141353495,.9737
iter,O0,128,6,145191970,141353490,.9735
iter,O0,128,7,145289235,141353490,.9729
iter,O0,128,8,145363446,141353495,.9724
iter,O0,128,9,145055320,141353495,.9744
iter,O0,128,10,145000089,141353490,.9748
iter,O0,128,11,145188651,141353495,.9735
iter,O0,128,12,145435051,141353493,.9719
iter,O0,128,13,145593170,141353501,.9708
iter,O0,128,14,144416594,141353494,.9787
iter,O0,128,15,145450923,141353490,.9718
iter,O0,128,16,144938495,141353495,.9752
iter,O0,128,17,145187874,141353496,.9735
iter,O0,128,18,145393999,141353490,.9722
iter,O0,128,19,144787623,141353494,.9762
iter,O0,128,20,144794229,141353497,.9762
iter,O0,128,21,145166897,141353490,.9737
iter,O0,128,22,145146277,141353490,.9738
iter,O0,128,23,145027452,141353489,.9746
iter,O0,128,24,145442816,141353502,.9718
iter,O0,128,25,145307370,141353495,.9727
iter,O0,128,26,145189978,141353490,.9735
iter,O0,128,27,145120610,141353526,.9740
iter,O0,128,28,144657918,141353492,.9771
iter,O0,128,29,144553368,141353490,.9778
iter,O0,128,30,144839507,141353492,.9759
iter,O0,256,1,140854979,140736403,.9991
iter,O0,256,2,140886020,140736404,.9989
iter,O0,256,3,140901926,140736401,.9988
iter,O0,256,4,140957145,140736400,.9984
iter,O0,256,5,141336130,140736400,.9957
iter,O0,256,6,142169549,140736404,.9899
iter,O0,256,7,141224635,140736404,.9965
iter,O0,256,8,141135275,140736404,.9971
iter,O0,256,9,142023837,140736403,.9909
iter,O0,256,10,141492258,140736400,.9946
iter,O0,256,11,140915159,140736428,.9987
iter,O0,256,12,140888628,140736399,.9989
iter,O0,256,13,140963054,140736399,.9983
iter,O0,256,14,140832709,140736401,.9993
iter,O0,256,15,140764511,140736401,.9998
iter,O0,256,16,140752672,140736399,.9998
iter,O0,256,17,140845860,140736402,.9992
iter,O0,256,18,141263305,140736400,.9962
iter,O0,256,19,140943630,140736402,.9985
iter,O0,256,20,141097710,140736404,.9974
iter,O0,256,21,141371543,140736400,.9955
iter,O0,256,22,141083019,140736404,.9975
iter,O0,256,23,141061233,140736400,.9976
iter,O0,256,24,141344356,140736401,.9956
iter,O0,256,25,140852891,140736400,.9991
iter,O0,256,26,140815349,140736404,.9994
iter,O0,256,27,142345024,140736412,.9886
iter,O0,256,28,141049311,140736404,.9977
iter,O0,256,29,140951347,140736411,.9984
iter,O0,256,30,140819934,140736399,.9994
iter,O0,512,1,139403363,140424467,1.0073
iter,O0,512,2,139612667,140424472,1.0058
iter,O0,512,3,139430692,140424466,1.0071
iter,O0,512,4,139535375,140424466,1.0063
iter,O0,512,5,139453159,140424475,1.0069
iter,O0,512,6,139354590,140424466,1.0076
iter,O0,512,7,139497537,140424467,1.0066
iter,O0,512,8,143161870,140424471,.9808
iter,O0,512,9,140627722,140424477,.9985
iter,O0,512,10,139926794,140424469,1.0035
iter,O0,512,11,140060627,140424471,1.0025
iter,O0,512,12,139756462,140424468,1.0047
iter,O0,512,13,139605373,140424472,1.0058
iter,O0,512,14,139561329,140424467,1.0061
iter,O0,512,15,139508434,140424467,1.0065
iter,O0,512,16,140539654,140424470,.9991
iter,O0,512,17,139686110,140424469,1.0052
iter,O0,512,18,139452346,140424468,1.0069
iter,O0,512,19,139788492,140424475,1.0045
iter,O0,512,20,139478026,140424466,1.0067
iter,O0,512,21,139576894,140424473,1.0060
iter,O0,512,22,139435287,140424466,1.0070
iter,O0,512,23,139519450,140424471,1.0064
iter,O0,512,24,139430326,140424470,1.0071
iter,O0,512,25,139486865,140424467,1.0067
iter,O0,512,26,139556666,140424470,1.0062
iter,O0,512,27,139541665,140424465,1.0063
iter,O0,512,28,139896346,140424470,1.0037
iter,O0,512,29,139500563,140424467,1.0066
iter,O0,512,30,139570563,140424467,1.0061
iter,O2,16,1,18080135,73055004,4.0406
iter,O2,16,2,17731282,73055005,4.1201
iter,O2,16,3,17761959,73055004,4.1130
iter,O2,16,4,17780031,73055005,4.1088
iter,O2,16,5,18762148,73055008,3.8937
iter,O2,16,6,18403129,73055006,3.9697
iter,O2,16,7,18341793,73055008,3.9829
iter,O2,16,8,18805699,73055004,3.8847
iter,O2,16,9,18527102,73055006,3.9431
iter,O2,16,10,17742689,73055004,4.1174
iter,O2,16,11,18056116,73055005,4.0459
iter,O2,16,12,17764865,73055005,4.1123
iter,O2,16,13,18250227,73055004,4.0029
iter,O2,16,14,17816761,73055005,4.1003
iter,O2,16,15,18339352,73055005,3.9835
iter,O2,16,16,18216006,73055005,4.0104
iter,O2,16,17,20016551,73055005,3.6497
iter,O2,16,18,19131658,73055005,3.8185
iter,O2,16,19,19800613,73055004,3.6895
iter,O2,16,20,18306447,73055006,3.9906
iter,O2,16,21,18311000,73055004,3.9896
iter,O2,16,22,17981083,73055005,4.0628
iter,O2,16,23,17715233,73055004,4.1238
iter,O2,16,24,19057758,73055008,3.8333
iter,O2,16,25,17808904,73055004,4.1021
iter,O2,16,26,19014204,73055005,3.8421
iter,O2,16,27,17791387,73055005,4.1062
iter,O2,16,28,17775055,73055004,4.1099
iter,O2,16,29,17870057,73055005,4.0881
iter,O2,16,30,17713546,73055004,4.1242
iter,O2,32,1,24215255,66780449,2.7577
iter,O2,32,2,24703339,66780449,2.7032
iter,O2,32,3,24030459,66780447,2.7789
iter,O2,32,4,24044426,66780445,2.7773
iter,O2,32,5,24094423,66780445,2.7716
iter,O2,32,6,24085878,66780445,2.7725
iter,O2,32,7,24369127,66780446,2.7403
iter,O2,32,8,23975148,66780445,2.7854
iter,O2,32,9,23991108,66780445,2.7835
iter,O2,32,10,24043962,66780445,2.7774
iter,O2,32,11,23969349,66780445,2.7860
iter,O2,32,12,26194605,66780449,2.5493
iter,O2,32,13,24124952,66780447,2.7681
iter,O2,32,14,24322678,66780447,2.7456
iter,O2,32,15,24522229,66780446,2.7232
iter,O2,32,16,24075106,66780447,2.7738
iter,O2,32,17,23972532,66780445,2.7857
iter,O2,32,18,24088351,66780446,2.7723
iter,O2,32,19,24045525,66780445,2.7772
iter,O2,32,20,24017456,66780446,2.7804
iter,O2,32,21,24083490,66780447,2.7728
iter,O2,32,22,23988442,66780445,2.7838
iter,O2,32,23,24129776,66780446,2.7675
iter,O2,32,24,24265097,66780446,2.7521
iter,O2,32,25,24280725,66780450,2.7503
iter,O2,32,26,24183466,66780444,2.7614
iter,O2,32,27,26673958,66780448,2.5035
iter,O2,32,28,36823190,66780450,1.8135
iter,O2,32,29,24151036,66780445,2.7651
iter,O2,32,30,27977359,66780447,2.3869
iter,O2,64,1,33643495,63498397,1.8873
iter,O2,64,2,40254603,63498399,1.5774
iter,O2,64,3,33611031,63498399,1.8892
iter,O2,64,4,33307121,63498399,1.9064
iter,O2,64,5,35419734,63498403,1.7927
iter,O2,64,6,33463600,63498399,1.8975
iter,O2,64,7,32983821,63498399,1.9251
iter,O2,64,8,33063134,63498399,1.9205
iter,O2,64,9,33440461,63498402,1.8988
iter,O2,64,10,33018325,63498398,1.9231
iter,O2,64,11,33135763,63498398,1.9163
iter,O2,64,12,33160379,63498398,1.9148
iter,O2,64,13,32966731,63498399,1.9261
iter,O2,64,14,33288679,63498399,1.9075
iter,O2,64,15,33619736,63498397,1.8887
iter,O2,64,16,34365752,63498398,1.8477
iter,O2,64,17,33091491,63498398,1.9188
iter,O2,64,18,32901590,63498398,1.9299
iter,O2,64,19,33067920,63498397,1.9202
iter,O2,64,20,33968372,63498399,1.8693
iter,O2,64,21,36935716,63498401,1.7191
iter,O2,64,22,34429052,63498400,1.8443
iter,O2,64,23,33035346,63498398,1.9221
iter,O2,64,24,32935929,63498399,1.9279
iter,O2,64,25,32924251,63498399,1.9286
iter,O2,64,26,34249328,63498429,1.8540
iter,O2,64,27,32962154,63498402,1.9264
iter,O2,64,28,32982190,63498398,1.9252
iter,O2,64,29,33564593,63498398,1.8918
iter,O2,64,30,33086543,63498399,1.9191
iter,O2,128,1,40381517,61818991,1.5308
iter,O2,128,2,40968801,61818994,1.5089
iter,O2,128,3,41119003,61818992,1.5034
iter,O2,128,4,39834432,61818990,1.5518
iter,O2,128,5,40606920,61818990,1.5223
iter,O2,128,6,40829746,61818994,1.5140
iter,O2,128,7,39869567,61818991,1.5505
iter,O2,128,8,40080358,61818990,1.5423
iter,O2,128,9,41434893,61818991,1.4919
iter,O2,128,10,39846711,61818990,1.5514
iter,O2,128,11,39699905,61818990,1.5571
iter,O2,128,12,39918393,61818990,1.5486
iter,O2,128,13,39925624,61818991,1.5483
iter,O2,128,14,39923956,61818990,1.5484
iter,O2,128,15,40595890,61818993,1.5227
iter,O2,128,16,40027243,61818991,1.5444
iter,O2,128,17,39887023,61818990,1.5498
iter,O2,128,18,40502546,61818994,1.5262
iter,O2,128,19,46809685,61818994,1.3206
iter,O2,128,20,39996487,61819001,1.5456
iter,O2,128,21,39768236,61818989,1.5544
iter,O2,128,22,39913012,61819018,1.5488
iter,O2,128,23,43222630,61818993,1.4302
iter,O2,128,24,43604701,61818991,1.4177
iter,O2,128,25,40369390,61818991,1.5313
iter,O2,128,26,39931890,61818989,1.5481
iter,O2,128,27,40058888,61818990,1.5432
iter,O2,128,28,40919130,61818989,1.5107
iter,O2,128,29,40345040,61818990,1.5322
iter,O2,128,30,45870754,61818991,1.3476
iter,O2,256,1,51882197,60969877,1.1751
iter,O2,256,2,50319249,60969873,1.2116
iter,O2,256,3,50626638,60969872,1.2043
iter,O2,256,4,57588228,60969873,1.0587
iter,O2,256,5,53841354,60969870,1.1323
iter,O2,256,6,50787881,60969869,1.2004
iter,O2,256,7,53168320,60969874,1.1467
iter,O2,256,8,50071376,60969871,1.2176
iter,O2,256,9,50009850,60969870,1.2191
iter,O2,256,10,50722358,60969873,1.2020
iter,O2,256,11,50321821,60969877,1.2115
iter,O2,256,12,50228618,60969873,1.2138
iter,O2,256,13,50363288,60969872,1.2106
iter,O2,256,14,51182769,60969872,1.1912
iter,O2,256,15,50357615,60969870,1.2107
iter,O2,256,16,50826865,60969871,1.1995
iter,O2,256,17,50085389,60969869,1.2173
iter,O2,256,18,50282088,60969871,1.2125
iter,O2,256,19,50076444,60969871,1.2175
iter,O2,256,20,50419468,60969870,1.2092
iter,O2,256,21,49985865,60969869,1.2197
iter,O2,256,22,51381313,60969871,1.1866
iter,O2,256,23,50142831,60969870,1.2159
iter,O2,256,24,49840849,60969869,1.2232
iter,O2,256,25,50245117,60969868,1.2134
iter,O2,256,26,50788187,60969872,1.2004
iter,O2,256,27,50374441,60969869,1.2103
iter,O2,256,28,50157321,60969869,1.2155
iter,O2,256,29,53936616,60969877,1.1303
iter,O2,256,30,50408666,60969871,1.2095
iter,O2,512,1,55883397,60542151,1.0833
iter,O2,512,2,55317240,60542147,1.0944
iter,O2,512,3,55898588,60542152,1.0830
iter,O2,512,4,57018905,60542147,1.0617
iter,O2,512,5,57105815,60542156,1.0601
iter,O2,512,6,55151507,60542148,1.0977
iter,O2,512,7,55410369,60542148,1.0926
iter,O2,512,8,55518528,60542148,1.0904
iter,O2,512,9,55510782,60542151,1.0906
iter,O2,512,10,55331521,60542148,1.0941
iter,O2,512,11,55295010,60542149,1.0948
iter,O2,512,12,55412974,60542148,1.0925
iter,O2,512,13,55491390,60542148,1.0910
iter,O2,512,14,55655295,60542149,1.0878
iter,O2,512,15,55500077,60542156,1.0908
iter,O2,512,16,59085390,60542149,1.0246
iter,O2,512,17,57748043,60542149,1.0483
iter,O2,512,18,55845530,60542152,1.0841
iter,O2,512,19,56480319,60542148,1.0719
iter,O2,512,20,55560109,60542147,1.0896
iter,O2,512,21,55564550,60542147,1.0895
iter,O2,512,22,55390936,60542148,1.0929
iter,O2,512,23,56272111,60542146,1.0758
iter,O2,512,24,55504243,60542151,1.0907
iter,O2,512,25,55561606,60542154,1.0896
iter,O2,512,26,55880661,60542179,1.0834
iter,O2,512,27,55697434,60542152,1.0869
iter,O2,512,28,55247309,60542151,1.0958
iter,O2,512,29,56231216,60542147,1.0766
iter,O2,512,30,55745268,60542152,1.0860
rec,asm,16,1,42472878,86584219,2.0385
rec,asm,16,2,41914879,86584219,2.0657
rec,asm,16,3,42311080,86584226,2.0463
rec,asm,16,4,45206810,86584223,1.9152
rec,asm,16,5,41596223,86584219,2.0815
rec,asm,16,6,41832089,86584219,2.0698
rec,asm,16,7,41613262,86584220,2.0806
rec,asm,16,8,41680151,86584219,2.0773
rec,asm,16,9,42381781,86584219,2.0429
rec,asm,16,10,45741842,86584222,1.8928
rec,asm,16,11,42550358,86584219,2.0348
rec,asm,16,12,42918789,86584220,2.0173
rec,asm,16,13,42194480,86584220,2.0520
rec,asm,16,14,45805659,86584221,1.8902
rec,asm,16,15,41577181,86584219,2.0824
rec,asm,16,16,42207726,86584219,2.0513
rec,asm,16,17,43210256,86584221,2.0037
rec,asm,16,18,44575371,86584219,1.9424
rec,asm,16,19,41438744,86584219,2.0894
rec,asm,16,20,46042997,86584226,1.8805
rec,asm,16,21,41657121,86584220,2.0784
rec,asm,16,22,43095243,86584223,2.0091
rec,asm,16,23,42019508,86584223,2.0605
rec,asm,16,24,42062401,86584218,2.0584
rec,asm,16,25,42563917,86584220,2.0342
rec,asm,16,26,41822043,86584218,2.0703
rec,asm,16,27,41725239,86584220,2.0751
rec,asm,16,28,41442755,86584219,2.0892
rec,asm,16,29,47001754,86584230,1.8421
rec,asm,16,30,41568811,86584219,2.0829
rec,asm,32,1,95918430,88295554,.9205
rec,asm,32,2,94469922,88295558,.9346
rec,asm,32,3,100560425,88295557,.8780
rec,asm,32,4,96520168,88295555,.9147
rec,asm,32,5,96668160,88295560,.9133
rec,asm,32,6,99090906,88295556,.8910
rec,asm,32,7,99167048,88295562,.8903
rec,asm,32,8,95085808,88295563,.9285
rec,asm,32,9,95789533,88295555,.9217
rec,asm,32,10,101703049,88295555,.8681
rec,asm,32,11,95991694,88295559,.9198
rec,asm,32,12,94479633,88295554,.9345
rec,asm,32,13,114308184,88295558,.7724
rec,asm,32,14,96685019,88295555,.9132
rec,asm,32,15,93839575,88295555,.9409
rec,asm,32,16,94680192,88295559,.9325
rec,asm,32,17,94529973,88295555,.9340
rec,asm,32,18,95187533,88295557,.9275
rec,asm,32,19,94797950,88295555,.9314
rec,asm,32,20,93949342,88295555,.9398
rec,asm,32,21,97319226,88295558,.9072
rec,asm,32,22,94893394,88295556,.9304
rec,asm,32,23,100680193,88295557,.8769
rec,asm,32,24,94643821,88295559,.9329
rec,asm,32,25,96333129,88295561,.9165
rec,asm,32,26,97905429,88295558,.9018
rec,asm,32,27,95012706,88295558,.9293
rec,asm,32,28,97831116,88295559,.9025
rec,asm,32,29,96121644,88295559,.9185
rec,asm,32,30,95251063,88295555,.9269
rec,asm,64,1,132919902,89190651,.6710
rec,asm,64,2,126124879,89190645,.7071
rec,asm,64,3,125779948,89190647,.7091
rec,asm,64,4,125493621,89190640,.7107
rec,asm,64,5,125781628,89190656,.7090
rec,asm,64,6,132209829,89190640,.6746
rec,asm,64,7,125857886,89190646,.7086
rec,asm,64,8,126150165,89190652,.7070
rec,asm,64,9,125236475,89190645,.7121
rec,asm,64,10,123985857,89190645,.7193
rec,asm,64,11,123891533,89190641,.7199
rec,asm,64,12,126452882,89190659,.7053
rec,asm,64,13,126574823,89190644,.7046
rec,asm,64,14,132820623,89190644,.6715
rec,asm,64,15,126258813,89190641,.7064
rec,asm,64,16,125532363,89190643,.7104
rec,asm,64,17,125794798,89190645,.7090
rec,asm,64,18,124013711,89190649,.7191
rec,asm,64,19,124416671,89190645,.7168
rec,asm,64,20,126318805,89190645,.7060
rec,asm,64,21,123841217,89190642,.7202
rec,asm,64,22,129212927,89190645,.6902
rec,asm,64,23,126378649,89190646,.7057
rec,asm,64,24,128846048,89190641,.6922
rec,asm,64,25,125630779,89190647,.7099
rec,asm,64,26,124656689,89190644,.7154
rec,asm,64,27,126643247,89190644,.7042
rec,asm,64,28,127455470,89190642,.6997
rec,asm,64,29,125455742,89190642,.7109
rec,asm,64,30,124035598,89190645,.7190
rec,asm,128,1,126051152,89647117,.7111
rec,asm,128,2,133454499,89647128,.6717
rec,asm,128,3,130844918,89647128,.6851
rec,asm,128,4,124550462,89647117,.7197
rec,asm,128,5,127164039,89647124,.7049
rec,asm,128,6,127666451,89647121,.7021
rec,asm,128,7,130663448,89647123,.6860
rec,asm,128,8,128390073,89647120,.6982
rec,asm,128,9,128628785,89647121,.6969
rec,asm,128,10,127384079,89647120,.7037
rec,asm,128,11,130043708,89647124,.6893
rec,asm,128,12,129368347,89647121,.6929
rec,asm,128,13,129324822,89647120,.6931
rec,asm,128,14,127069173,89647124,.7054
rec,asm,128,15,132636201,89647124,.6758
rec,asm,128,16,133168271,89647118,.6731
rec,asm,128,17,129148278,89647120,.6941
rec,asm,128,18,128719323,89647119,.6964
rec,asm,128,19,131733300,89647120,.6805
rec,asm,128,20,133199808,89647119,.6730
rec,asm,128,21,126861025,89647120,.7066
rec,asm,128,22,128218663,89647120,.6991
rec,asm,128,23,128507973,89647117,.6975
rec,asm,128,24,128467818,89647118,.6978
rec,asm,128,25,127584592,89647117,.7026
rec,asm,128,26,134111722,89647117,.6684
rec,asm,128,27,130116768,89647128,.6889
rec,asm,128,28,128617471,89647121,.6970
rec,asm,128,29,128326988,89647124,.6985
rec,asm,128,30,126943360,89647120,.7061
rec,asm,256,1,129296923,89879197,.6951
rec,asm,256,2,128002078,89879198,.7021
rec,asm,256,3,135929300,89879207,.6612
rec,asm,256,4,128007523,89879197,.7021
rec,asm,256,5,129948987,89879200,.6916
rec,asm,256,6,128939966,89879202,.6970
rec,asm,256,7,128590479,89879197,.6989
rec,asm,256,8,129008494,89879201,.6966
rec,asm,256,9,128526739,89879198,.6993
rec,asm,256,10,128025054,89879197,.7020
rec,asm,256,11,128108102,89879204,.7015
rec,asm,256,12,129014462,89879198,.6966
rec,asm,256,13,134116246,89879204,.6701
rec,asm,256,14,127329170,89879197,.7058
rec,asm,256,15,130435114,89879205,.6890
rec,asm,256,16,129031892,89879202,.6965
rec,asm,256,17,130737412,89879202,.6874
rec,asm,256,18,131050026,89879202,.6858
rec,asm,256,19,128034493,89879200,.7019
rec,asm,256,20,128463031,89879202,.6996
rec,asm,256,21,130433753,89879199,.6890
rec,asm,256,22,132823697,89879204,.6766
rec,asm,256,23,131355220,89879201,.6842
rec,asm,256,24,129606198,89879198,.6934
rec,asm,256,25,130038604,89879200,.6911
rec,asm,256,26,127718973,89879200,.7037
rec,asm,256,27,129586727,89879205,.6935
rec,asm,256,28,133660855,89879206,.6724
rec,asm,256,29,131496052,89879201,.6835
rec,asm,256,30,133257047,89879198,.6744
rec,asm,512,1,128367238,89991427,.7010
rec,asm,512,2,129218758,89991422,.6964
rec,asm,512,3,127189245,89991426,.7075
rec,asm,512,4,129123982,89991432,.6969
rec,asm,512,5,128829551,89991426,.6985
rec,asm,512,6,132132179,89991426,.6810
rec,asm,512,7,130754730,89991425,.6882
rec,asm,512,8,131716378,89991422,.6832
rec,asm,512,9,129744117,89991422,.6936
rec,asm,512,10,131380063,89991429,.6849
rec,asm,512,11,130745062,89991426,.6882
rec,asm,512,12,134553126,89991423,.6688
rec,asm,512,13,133224866,89991422,.6754
rec,asm,512,14,128892880,89991423,.6981
rec,asm,512,15,131734993,89991425,.6831
rec,asm,512,16,135932220,89991430,.6620
rec,asm,512,17,129325132,89991430,.6958
rec,asm,512,18,129895721,89991426,.6927
rec,asm,512,19,129625508,89991422,.6942
rec,asm,512,20,129089123,89991425,.6971
rec,asm,512,21,132090761,89991428,.6812
rec,asm,512,22,131565546,89991429,.6840
rec,asm,512,23,130400312,89991426,.6901
rec,asm,512,24,132267300,89991426,.6803
rec,asm,512,25,130431681,89991426,.6899
rec,asm,512,26,127554232,89991422,.7055
rec,asm,512,27,131086744,89991426,.6865
rec,asm,512,28,130488844,89991426,.6896
rec,asm,512,29,132102145,89991429,.6812
rec,asm,512,30,130591122,89991422,.6891
rec,O0,16,1,49716568,67760733,1.3629
rec,O0,16,2,49852224,67760736,1.3592
rec,O0,16,3,50549111,67760739,1.3404
rec,O0,16,4,49612785,67760732,1.3657
rec,O0,16,5,49689414,67760731,1.3636
rec,O0,16,6,49573392,67760731,1.3668
rec,O0,16,7,53398706,67760733,1.2689
rec,O0,16,8,49502540,67760731,1.3688
rec,O0,16,9,49649662,67760735,1.3647
rec,O0,16,10,49803886,67760736,1.3605
rec,O0,16,11,50527131,67760730,1.3410
rec,O0,16,12,49881393,67760731,1.3584
rec,O0,16,13,51439952,67760732,1.3172
rec,O0,16,14,49947815,67760731,1.3566
rec,O0,16,15,49978910,67760733,1.3557
rec,O0,16,16,49958129,67760733,1.3563
rec,O0,16,17,51025481,67760732,1.3279
rec,O0,16,18,49567343,67760760,1.3670
rec,O0,16,19,49615635,67760732,1.3657
rec,O0,16,20,49957679,67760732,1.3563
rec,O0,16,21,51693550,67760730,1.3108
rec,O0,16,22,49622514,67760732,1.3655
rec,O0,16,23,50027724,67760730,1.3544
rec,O0,16,24,50353450,67760736,1.3457
rec,O0,16,25,51251765,67760732,1.3221
rec,O0,16,26,49667459,67760732,1.3642
rec,O0,16,27,51886637,67760731,1.3059
rec,O0,16,28,50233892,67760733,1.3489
rec,O0,16,29,49631510,67760733,1.3652
rec,O0,16,30,49661613,67760732,1.3644
rec,O0,32,1,96850169,68901636,.7114
rec,O0,32,2,93755103,68901635,.7349
rec,O0,32,3,99905209,68901637,.6896
rec,O0,32,4,103849608,68901636,.6634
rec,O0,32,5,93594813,68901636,.7361
rec,O0,32,6,94750204,68901636,.7271
rec,O0,32,7,93618563,68901662,.7359
rec,O0,32,8,101208440,68901635,.6807
rec,O0,32,9,96078788,68901636,.7171
rec,O0,32,10,96244068,68901636,.7159
rec,O0,32,11,94794297,68901637,.7268
rec,O0,32,12,99559559,68901635,.6920
rec,O0,32,13,94702426,68901635,.7275
rec,O0,32,14,96568850,68901637,.7134
rec,O0,32,15,98590231,68901635,.6988
rec,O0,32,16,93606267,68901636,.7360
rec,O0,32,17,96536521,68901636,.7137
rec,O0,32,18,93410977,68901634,.7376
rec,O0,32,19,93604812,68901635,.7360
rec,O0,32,20,102944528,68901636,.6693
rec,O0,32,21,93453689,68901635,.7372
rec,O0,32,22,96271834,68901636,.7156
rec,O0,32,23,93519999,68901634,.7367
rec,O0,32,24,93625189,68901635,.7359
rec,O0,32,25,94442556,68901635,.7295
rec,O0,32,26,95217201,68901635,.7236
rec,O0,32,27,94770969,68901634,.7270
rec,O0,32,28,93865312,68901637,.7340
rec,O0,32,29,93869260,68901634,.7340
rec,O0,32,30,93416985,68901635,.7375
rec,O0,64,1,128155135,69498356,.5422
rec,O0,64,2,128681808,69498354,.5400
rec,O0,64,3,128296830,69498355,.5416
rec,O0,64,4,128146719,69498354,.5423
rec,O0,64,5,128205142,69498354,.5420
rec,O0,64,6,128074405,69498353,.5426
rec,O0,64,7,128456205,69498353,.5410
rec,O0,64,8,128120686,69498353,.5424
rec,O0,64,9,128827806,69498352,.5394
rec,O0,64,10,128200111,69498353,.5421
rec,O0,64,11,128703197,69498354,.5399
rec,O0,64,12,128809061,69498353,.5395
rec,O0,64,13,128340204,69498354,.5415
rec,O0,64,14,129467513,69498353,.5368
rec,O0,64,15,129073302,69498358,.5384
rec,O0,64,16,128225273,69498353,.5420
rec,O0,64,17,128255134,69498357,.5418
rec,O0,64,18,131133296,69498357,.5299
rec,O0,64,19,129893319,69498353,.5350
rec,O0,64,20,128219526,69498354,.5420
rec,O0,64,21,128599253,69498356,.5404
rec,O0,64,22,128465886,69498354,.5409
rec,O0,64,23,128254221,69498353,.5418
rec,O0,64,24,128175013,69498355,.5422
rec,O0,64,25,128772689,69498356,.5396
rec,O0,64,26,128075677,69498354,.5426
rec,O0,64,27,128063416,69498352,.5426
rec,O0,64,28,128181345,69498356,.5421
rec,O0,64,29,128200508,69498354,.5421
rec,O0,64,30,128196475,69498354,.5421
rec,O0,128,1,128132645,69802510,.5447
rec,O0,128,2,127797460,69802509,.5461
rec,O0,128,3,127853134,69802509,.5459
rec,O0,128,4,128291631,69802508,.5440
rec,O0,128,5,128160802,69802509,.5446
rec,O0,128,6,127980926,69802509,.5454
rec,O0,128,7,127904615,69802509,.5457
rec,O0,128,8,127661240,69802509,.5467
rec,O0,128,9,127847040,69802508,.5459
rec,O0,128,10,128321835,69802509,.5439
rec,O0,128,11,128291120,69802509,.5440
rec,O0,128,12,127755031,69802512,.5463
rec,O0,128,13,128174365,69802510,.5445
rec,O0,128,14,127688225,69802508,.5466
rec,O0,128,15,127781606,69802509,.5462
rec,O0,128,16,127703041,69802509,.5466
rec,O0,128,17,127743926,69802509,.5464
rec,O0,128,18,128538298,69802512,.5430
rec,O0,128,19,127722776,69802509,.5465
rec,O0,128,20,127681888,69802509,.5466
rec,O0,128,21,128034313,69802509,.5451
rec,O0,128,22,127781672,69802508,.5462
rec,O0,128,23,127624946,69802511,.5469
rec,O0,128,24,127695970,69802509,.5466
rec,O0,128,25,128706293,69802511,.5423
rec,O0,128,26,129040360,69802514,.5409
rec,O0,128,27,127707223,69802508,.5465
rec,O0,128,28,128023913,69802509,.5452
rec,O0,128,29,128113557,69802509,.5448
rec,O0,128,30,127696675,69802510,.5466
rec,O0,256,1,127526047,69957278,.5485
rec,O0,256,2,127854999,69957279,.5471
rec,O0,256,3,128226854,69957282,.5455
rec,O0,256,4,127771613,69957278,.5475
rec,O0,256,5,127736945,69957277,.5476
rec,O0,256,6,127694277,69957279,.5478
rec,O0,256,7,127607588,69957280,.5482
rec,O0,256,8,127775410,69957281,.5475
rec,O0,256,9,128006610,69957281,.5465
rec,O0,256,10,127846792,69957279,.5471
rec,O0,256,11,127849520,69957276,.5471
rec,O0,256,12,127683606,69957281,.5478
rec,O0,256,13,127555883,69957278,.5484
rec,O0,256,14,127652560,69957277,.5480
rec,O0,256,15,127701699,69957277,.5478
rec,O0,256,16,127776959,69957277,.5474
rec,O0,256,17,127942422,69957281,.5467
rec,O0,256,18,127753410,69957281,.5475
rec,O0,256,19,127634853,69957278,.5481
rec,O0,256,20,128092346,69957281,.5461
rec,O0,256,21,127664038,69957278,.5479
rec,O0,256,22,127719181,69957281,.5477
rec,O0,256,23,127651552,69957283,.5480
rec,O0,256,24,127728775,69957277,.5477
rec,O0,256,25,127758506,69957279,.5475
rec,O0,256,26,127726391,69957279,.5477
rec,O0,256,27,127717035,69957282,.5477
rec,O0,256,28,127867301,69957281,.5471
rec,O0,256,29,127933917,69957278,.5468
rec,O0,256,30,128116503,69957277,.5460
rec,O0,512,1,127668422,70031619,.5485
rec,O0,512,2,127760389,70031615,.5481
rec,O0,512,3,127533369,70031615,.5491
rec,O0,512,4,127630114,70031615,.5487
rec,O0,512,5,128767909,70031614,.5438
rec,O0,512,6,128496739,70031615,.5450
rec,O0,512,7,128602980,70031619,.5445
rec,O0,512,8,127786498,70031615,.5480
rec,O0,512,9,133368106,70031614,.5251
rec,O0,512,10,145236784,70031619,.4821
rec,O0,512,11,127534914,70031615,.5491
rec,O0,512,12,127431599,70031615,.5495
rec,O0,512,13,127483662,70031618,.5493
rec,O0,512,14,127777155,70031615,.5480
rec,O0,512,15,127678232,70031614,.5485
rec,O0,512,16,127669083,70031618,.5485
rec,O0,512,17,129190188,70031623,.5420
rec,O0,512,18,128078748,70031615,.5467
rec,O0,512,19,128122788,70031615,.5465
rec,O0,512,20,127964450,70031621,.5472
rec,O0,512,21,127960642,70031618,.5472
rec,O0,512,22,127671284,70031614,.5485
rec,O0,512,23,127628176,70031614,.5487
rec,O0,512,24,129732379,70031624,.5398
rec,O0,512,25,130257821,70031620,.5376
rec,O0,512,26,129225553,70031622,.5419
rec,O0,512,27,128446274,70031617,.5452
rec,O0,512,28,128796775,70031615,.5437
rec,O0,512,29,127616132,70031618,.5487
rec,O0,512,30,127740222,70031614,.5482
rec,O2,16,1,6793723,22172594,3.2636
rec,O2,16,2,6534910,22172596,3.3929
rec,O2,16,3,6868119,22172596,3.2283
rec,O2,16,4,6565303,22172594,3.3772
rec,O2,16,5,6644815,22172594,3.3368
rec,O2,16,6,6922486,22172594,3.2029
rec,O2,16,7,6751447,22172594,3.2841
rec,O2,16,8,6512482,22172593,3.4046
rec,O2,16,9,6989432,22172592,3.1723
rec,O2,16,10,6763835,22172594,3.2781
rec,O2,16,11,7059660,22172597,3.1407
rec,O2,16,12,6527007,22172594,3.3970
rec,O2,16,13,7410400,22172598,2.9920
rec,O2,16,14,6506635,22172592,3.4076
rec,O2,16,15,6440985,22172594,3.4424
rec,O2,16,16,6505301,22172594,3.4083
rec,O2,16,17,6885955,22172594,3.2199
rec,O2,16,18,6566267,22172593,3.3767
rec,O2,16,19,6502875,22172594,3.4096
rec,O2,16,20,6693147,22172595,3.3127
rec,O2,16,21,7159418,22172594,3.0969
rec,O2,16,22,6701842,22172594,3.3084
rec,O2,16,23,7050213,22172594,3.1449
rec,O2,16,24,6931322,22172595,3.1988
rec,O2,16,25,6595615,22172594,3.3617
rec,O2,16,26,6503806,22172594,3.4091
rec,O2,16,27,6552127,22172593,3.3840
rec,O2,16,28,8057550,22172597,2.7517
rec,O2,16,29,6759353,22172594,3.2802
rec,O2,16,30,6775774,22172594,3.2723
rec,O2,32,1,6982253,21174403,3.0326
rec,O2,32,2,7007558,21174405,3.0216
rec,O2,32,3,6997482,21174405,3.0260
rec,O2,32,4,6984458,21174403,3.0316
rec,O2,32,5,6986557,21174403,3.0307
rec,O2,32,6,6992342,21174404,3.0282
rec,O2,32,7,6997827,21174404,3.0258
rec,O2,32,8,7230266,21174403,2.9285
rec,O2,32,9,6960647,21174404,3.0420
rec,O2,32,10,7206658,21174408,2.9381
rec,O2,32,11,7131031,21174404,2.9693
rec,O2,32,12,6932868,21174403,3.0542
rec,O2,32,13,7065371,21174406,2.9969
rec,O2,32,14,6990796,21174405,3.0288
rec,O2,32,15,6984145,21174403,3.0317
rec,O2,32,16,7130377,21174403,2.9696
rec,O2,32,17,7188375,21174403,2.9456
rec,O2,32,18,7093174,21174404,2.9851
rec,O2,32,19,6950051,21174405,3.0466
rec,O2,32,20,6990361,21174403,3.0290
rec,O2,32,21,6925541,21174402,3.0574
rec,O2,32,22,6945041,21174402,3.0488
rec,O2,32,23,6976864,21174403,3.0349
rec,O2,32,24,6961681,21174403,3.0415
rec,O2,32,25,6946790,21174402,3.0480
rec,O2,32,26,6939951,21174403,3.0510
rec,O2,32,27,6940868,21174403,3.0506
rec,O2,32,28,6986610,21174404,3.0307
rec,O2,32,29,6927755,21174402,3.0564
rec,O2,32,30,7016676,21174405,3.0177
rec,O2,64,1,8935568,20652240,2.3112
rec,O2,64,2,9013905,20652240,2.2911
rec,O2,64,3,9022710,20652242,2.2889
rec,O2,64,4,8969450,20652241,2.3025
rec,O2,64,5,8963385,20652242,2.3040
rec,O2,64,6,8917953,20652240,2.3158
rec,O2,64,7,9242051,20652242,2.2345
rec,O2,64,8,9115310,20652241,2.2656
rec,O2,64,9,9101780,20652241,2.2690
rec,O2,64,10,9006637,20652240,2.2930
rec,O2,64,11,8965802,20652242,2.3034
rec,O2,64,12,8955187,20652239,2.3061
rec,O2,64,13,9036260,20652242,2.2854
rec,O2,64,14,9032173,20652241,2.2865
rec,O2,64,15,9398783,20652240,2.1973
rec,O2,64,16,9139819,20652241,2.2595
rec,O2,64,17,9013026,20652241,2.2913
rec,O2,64,18,8986720,20652243,2.2980
rec,O2,64,19,8985737,20652241,2.2983
rec,O2,64,20,9536424,20652241,2.1656
rec,O2,64,21,9047486,20652240,2.2826
rec,O2,64,22,9166665,20652240,2.2529
rec,O2,64,23,8927909,20652239,2.3132
rec,O2,64,24,9293673,20652242,2.2221
rec,O2,64,25,8957992,20652241,2.3054
rec,O2,64,26,9161256,20652242,2.2543
rec,O2,64,27,8960479,20652239,2.3048
rec,O2,64,28,9257343,20652241,2.2309
rec,O2,64,29,8972227,20652240,2.3017
rec,O2,64,30,8988746,20652241,2.2975
rec,O2,128,1,10908158,20384776,1.8687
rec,O2,128,2,10903129,20384776,1.8696
rec,O2,128,3,10867164,20384777,1.8758
rec,O2,128,4,10884758,20384776,1.8727
rec,O2,128,5,10967628,20384776,1.8586
rec,O2,128,6,10907136,20384776,1.8689
rec,O2,128,7,10811440,20384776,1.8854
rec,O2,128,8,10953040,20384775,1.8611
rec,O2,128,9,10902012,20384776,1.8698
rec,O2,128,10,10922698,20384777,1.8662
rec,O2,128,11,11058516,20384776,1.8433
rec,O2,128,12,10938949,20384776,1.8635
rec,O2,128,13,10941957,20384777,1.8629
rec,O2,128,14,10958430,20384777,1.8601
rec,O2,128,15,10894333,20384775,1.8711
rec,O2,128,16,10845136,20384775,1.8796
rec,O2,128,17,10915216,20384776,1.8675
rec,O2,128,18,10963451,20384776,1.8593
rec,O2,128,19,11118936,20384781,1.8333
rec,O2,128,20,10939530,20384776,1.8634
rec,O2,128,21,10922858,20384777,1.8662
rec,O2,128,22,10896416,20384776,1.8707
rec,O2,128,23,10913026,20384776,1.8679
rec,O2,128,24,10870836,20384776,1.8751
rec,O2,128,25,10935723,20384776,1.8640
rec,O2,128,26,10950315,20384777,1.8615
rec,O2,128,27,11126434,20384777,1.8321
rec,O2,128,28,10962717,20384775,1.8594
rec,O2,128,29,10937390,20384775,1.8637
rec,O2,128,30,10944013,20384777,1.8626
rec,O2,256,1,13149149,20249745,1.5400
rec,O2,256,2,13181472,20249745,1.5362
rec,O2,256,3,13232419,20249748,1.5303
rec,O2,256,4,13109045,20249744,1.5447
rec,O2,256,5,13169834,20249744,1.5375
rec,O2,256,6,13473053,20249743,1.5029
rec,O2,256,7,13887279,20249744,1.4581
rec,O2,256,8,13137567,20249744,1.5413
rec,O2,256,9,13157881,20249745,1.5389
rec,O2,256,10,13167367,20249743,1.5378
rec,O2,256,11,13150079,20249744,1.5398
rec,O2,256,12,13265153,20249771,1.5265
rec,O2,256,13,13157181,20249744,1.5390
rec,O2,256,14,13128217,20249744,1.5424
rec,O2,256,15,13073297,20249745,1.5489
rec,O2,256,16,13276370,20249747,1.5252
rec,O2,256,17,13092591,20249744,1.5466
rec,O2,256,18,13125410,20249744,1.5427
rec,O2,256,19,13146586,20249743,1.5403
rec,O2,256,20,13177774,20249744,1.5366
rec,O2,256,21,13213425,20249744,1.5325
rec,O2,256,22,13152952,20249747,1.5395
rec,O2,256,23,13128235,20249745,1.5424
rec,O2,256,24,14919142,20249744,1.3572
rec,O2,256,25,14887817,20249745,1.3601
rec,O2,256,26,14954974,20249746,1.3540
rec,O2,256,27,13295621,20249745,1.5230
rec,O2,256,28,13112316,20249744,1.5443
rec,O2,256,29,13147155,20249744,1.5402
rec,O2,256,30,13248615,20249748,1.5284
rec,O2,512,1,14220405,20180814,1.4191
rec,O2,512,2,14220884,20180815,1.4190
rec,O2,512,3,14207589,20180813,1.4204
rec,O2,512,4,14194388,20180814,1.4217
rec,O2,512,5,14186412,20180812,1.4225
rec,O2,512,6,14307782,20180813,1.4104
rec,O2,512,7,14243903,20180815,1.4168
rec,O2,512,8,14241812,20180815,1.4170
rec,O2,512,9,14301748,20180815,1.4110
rec,O2,512,10,14220564,20180814,1.4191
rec,O2,512,11,14245112,20180814,1.4166
rec,O2,512,12,14218914,20180814,1.4192
rec,O2,512,13,14228727,20180814,1.4183
rec,O2,512,14,14267044,20180819,1.4145
rec,O2,512,15,14208709,20180815,1.4203
rec,O2,512,16,14134423,20180814,1.4277
rec,O2,512,17,14247899,20180818,1.4164
rec,O2,512,18,14230093,20180814,1.4181
rec,O2,512,19,14258230,20180814,1.4153
rec,O2,512,20,14193483,20180813,1.4218
rec,O2,512,21,14199614,20180814,1.4212
rec,O2,512,22,14194074,20180814,1.4217
rec,O2,512,23,14199532,20180814,1.4212
rec,O2,512,24,14370396,20180817,1.4043
rec,O2,512,25,14448910,20180815,1.3967
rec,O2,512,26,14190730,20180814,1.4221
rec,O2,512,27,14192924,20180815,1.4218
rec,O2,512,28,14196122,20180813,1.4215
rec,O2,512,29,14360820,20180813,1.4052
rec,O2,512,30,14437843,20180814,1.3977
memo,asm,16,1,90321669,81055022,.8974
memo,asm,16,2,79660559,81055013,1.0175
memo,asm,16,3,81072424,81055013,.9997
memo,asm,16,4,64782367,81055012,1.2511
memo,asm,16,5,63531939,81055011,1.2758
memo,asm,16,6,82941490,81055012,.9772
memo,asm,16,7,63769534,81055011,1.2710
memo,asm,16,8,78913548,81055013,1.0271
memo,asm,16,9,79683446,81055016,1.0172
memo,asm,16,10,63454545,81055012,1.2773
memo,asm,16,11,81490619,81055012,.9946
memo,asm,16,12,80051882,81055019,1.0125
memo,asm,16,13,63375612,81055012,1.2789
memo,asm,16,14,79346485,81055013,1.0215
memo,asm,16,15,79054494,81055016,1.0253
memo,asm,16,16,63824481,81055022,1.2699
memo,asm,16,17,63559762,81055012,1.2752
memo,asm,16,18,63650850,81055013,1.2734
memo,asm,16,19,63495407,81055011,1.2765
memo,asm,16,20,63715348,81055014,1.2721
memo,asm,16,21,79627338,81055013,1.0179
memo,asm,16,22,79291332,81055012,1.0222
memo,asm,16,23,63529930,81055012,1.2758
memo,asm,16,24,63691113,81055013,1.2726
memo,asm,16,25,63656271,81055013,1.2733
memo,asm,16,26,80004015,81055017,1.0131
memo,asm,16,27,63411585,81055011,1.2782
memo,asm,16,28,63357755,81055039,1.2793
memo,asm,16,29,80018441,81055016,1.0129
memo,asm,16,30,79481983,81055015,1.0197
memo,asm,32,1,73546571,84477410,1.1486
memo,asm,32,2,83050991,84477410,1.0171
memo,asm,32,3,73466847,84477408,1.1498
memo,asm,32,4,82828272,84477409,1.0199
memo,asm,32,5,73548228,84477412,1.1485
memo,asm,32,6,82961350,84477409,1.0182
memo,asm,32,7,73634638,84477408,1.1472
memo,asm,32,8,73775694,84477408,1.1450
memo,asm,32,9,82785175,84477413,1.0204
memo,asm,32,10,73438651,84477409,1.1503
memo,asm,32,11,82732100,84477408,1.0210
memo,asm,32,12,83146372,84477409,1.0160
memo,asm,32,13,83031558,84477409,1.0174
memo,asm,32,14,73526604,84477410,1.1489
memo,asm,32,15,82896467,84477410,1.0190
memo,asm,32,16,73661707,84477436,1.1468
memo,asm,32,17,73414226,84477408,1.1506
memo,asm,32,18,81756222,84477410,1.0332
memo,asm,32,19,74076444,84477409,1.1404
memo,asm,32,20,82863758,84477409,1.0194
memo,asm,32,21,73573846,84477409,1.1481
memo,asm,32,22,74152939,84477409,1.1392
memo,asm,32,23,73607011,84477410,1.1476
memo,asm,32,24,83114227,84477409,1.0164
memo,asm,32,25,73667922,84477410,1.1467
memo,asm,32,26,73731058,84477409,1.1457
memo,asm,32,27,82898682,84477413,1.0190
memo,asm,32,28,73504122,84477409,1.1492
memo,asm,32,29,74359999,84477409,1.1360
memo,asm,32,30,82954681,84477410,1.0183
memo,asm,64,1,83299553,86267060,1.0356
memo,asm,64,2,83617624,86267057,1.0316
memo,asm,64,3,78843618,86267057,1.0941
memo,asm,64,4,78898343,86267058,1.0933
memo,asm,64,5,78927941,86267056,1.0929
memo,asm,64,6,78912820,86267058,1.0931
memo,asm,64,7,83579646,86267059,1.0321
memo,asm,64,8,83769478,86267058,1.0298
memo,asm,64,9,83634231,86267057,1.0314
memo,asm,64,10,79003566,86267058,1.0919
memo,asm,64,11,83182843,86267062,1.0370
memo,asm,64,12,83674108,86267057,1.0309
memo,asm,64,13,79044456,86267058,1.0913
memo,asm,64,14,83603237,86267058,1.0318
memo,asm,64,15,78940174,86267057,1.0928
memo,asm,64,16,83975631,86267058,1.0272
memo,asm,64,17,84109225,86267062,1.0256
memo,asm,64,18,79040343,86267058,1.0914
memo,asm,64,19,78800068,86267057,1.0947
memo,asm,64,20,83333190,86267058,1.0352
memo,asm,64,21,79025022,86267058,1.0916
memo,asm,64,22,78813836,86267058,1.0945
memo,asm,64,23,79084668,86267062,1.0908
memo,asm,64,24,83485116,86267058,1.0333
memo,asm,64,25,83668151,86267058,1.0310
memo,asm,64,26,83630476,86267058,1.0315
memo,asm,64,27,83463498,86267057,1.0335
memo,asm,64,28,83475867,86267058,1.0334
memo,asm,64,29,78831552,86267058,1.0943
memo,asm,64,30,83601572,86267060,1.0318
memo,asm,128,1,82553355,87178724,1.0560
memo,asm,128,2,84521468,87178726,1.0314
memo,asm,128,3,82430320,87178726,1.0576
memo,asm,128,4,82432369,87178726,1.0575
memo,asm,128,5,84377835,87178725,1.0331
memo,asm,128,6,81994258,87178725,1.0632
memo,asm,128,7,84427833,87178725,1.0325
memo,asm,128,8,85402981,87178726,1.0207
memo,asm,128,9,81925509,87178724,1.0641
memo,asm,128,10,81892548,87178725,1.0645
memo,asm,128,11,82072190,87178726,1.0622
memo,asm,128,12,84298564,87178729,1.0341
memo,asm,128,13,84594548,87178727,1.0305
memo,asm,128,14,84531628,87178732,1.0313
memo,asm,128,15,84473673,87178727,1.0320
memo,asm,128,16,82410841,87178724,1.0578
memo,asm,128,17,84361432,87178725,1.0333
memo,asm,128,18,82123669,87178724,1.0615
memo,asm,128,19,84637194,87178725,1.0300
memo,asm,128,20,84316239,87178725,1.0339
memo,asm,128,21,86079269,87178726,1.0127
memo,asm,128,22,82506231,87178725,1.0566
memo,asm,128,23,84622541,87178727,1.0302
memo,asm,128,24,84358314,87178725,1.0334
memo,asm,128,25,83101341,87178725,1.0490
memo,asm,128,26,81930092,87178725,1.0640
memo,asm,128,27,84240148,87178726,1.0348
memo,asm,128,28,84269702,87178725,1.0345
memo,asm,128,29,81878094,87178726,1.0647
memo,asm,128,30,84354785,87178726,1.0334
memo,asm,256,1,87492376,87645794,1.0017
memo,asm,256,2,87243063,87645802,1.0046
memo,asm,256,3,89800385,87645803,.9760
memo,asm,256,4,84869225,87645796,1.0327
memo,asm,256,5,85528693,87645803,1.0247
memo,asm,256,6,84060378,87645797,1.0426
memo,asm,256,7,85124502,87645795,1.0296
memo,asm,256,8,84129975,87645796,1.0417
memo,asm,256,9,84145846,87645794,1.0415
memo,asm,256,10,83931378,87645801,1.0442
memo,asm,256,11,84702598,87645795,1.0347
memo,asm,256,12,84759160,87645796,1.0340
memo,asm,256,13,84558775,87645795,1.0365
memo,asm,256,14,84072245,87645796,1.0425
memo,asm,256,15,84639038,87645797,1.0355
memo,asm,256,16,84499918,87645799,1.0372
memo,asm,256,17,84513193,87645796,1.0370
memo,asm,256,18,85171523,87645798,1.0290
memo,asm,256,19,83936089,87645802,1.0441
memo,asm,256,20,83943092,87645795,1.0441
memo,asm,256,21,84491217,87645796,1.0373
memo,asm,256,22,84630068,87645796,1.0356
memo,asm,256,23,84998588,87645797,1.0311
memo,asm,256,24,84099902,87645796,1.0421
memo,asm,256,25,84717184,87645796,1.0345
memo,asm,256,26,83819537,87645795,1.0456
memo,asm,256,27,84595014,87645796,1.0360
memo,asm,256,28,83829104,87645795,1.0455
memo,asm,256,29,83869355,87645796,1.0450
memo,asm,256,30,84526229,87645797,1.0369
memo,asm,512,1,84916599,87865639,1.0347
memo,asm,512,2,85138809,87865637,1.0320
memo,asm,512,3,84204484,87865638,1.0434
memo,asm,512,4,84808482,87865638,1.0360
memo,asm,512,5,84697316,87865641,1.0374
memo,asm,512,6,84452177,87865638,1.0404
memo,asm,512,7,85233888,87865645,1.0308
memo,asm,512,8,84888764,87865637,1.0350
memo,asm,512,9,85747737,87865645,1.0246
memo,asm,512,10,84357617,87865649,1.0415
memo,asm,512,11,85851511,87865639,1.0234
memo,asm,512,12,84407495,87865637,1.0409
memo,asm,512,13,84328938,87865638,1.0419
memo,asm,512,14,84929191,87865639,1.0345
memo,asm,512,15,84614974,87865638,1.0384
memo,asm,512,16,85002618,87865638,1.0336
memo,asm,512,17,84190900,87865638,1.0436
memo,asm,512,18,84637786,87865637,1.0381
memo,asm,512,19,84177373,87865637,1.0438
memo,asm,512,20,84512474,87865640,1.0396
memo,asm,512,21,84873643,87865645,1.0352
memo,asm,512,22,84800313,87865639,1.0361
memo,asm,512,23,84707915,87865638,1.0372
memo,asm,512,24,85093068,87865646,1.0325
memo,asm,512,25,84395003,87865638,1.0411
memo,asm,512,26,84841133,87865638,1.0356
memo,asm,512,27,85050432,87865637,1.0331
memo,asm,512,28,84328467,87865642,1.0419
memo,asm,512,29,84476201,87865638,1.0401
memo,asm,512,30,84661608,87865639,1.0378
memo,O0,16,1,90984704,117290294,1.2891
memo,O0,16,2,73184445,117290293,1.6026
memo,O0,16,3,90043222,117290295,1.3025
memo,O0,16,4,90745932,117290287,1.2925
memo,O0,16,5,73252509,117290290,1.6011
memo,O0,16,6,91178868,117290289,1.2863
memo,O0,16,7,73389011,117290289,1.5981
memo,O0,16,8,90814645,117290290,1.2915
memo,O0,16,9,73277865,117290289,1.6006
memo,O0,16,10,73264423,117290289,1.6009
memo,O0,16,11,73236343,117290289,1.6015
memo,O0,16,12,73340986,117290289,1.5992
memo,O0,16,13,73385969,117290288,1.5982
memo,O0,16,14,73438447,117290288,1.5971
memo,O0,16,15,90355283,117290290,1.2981
memo,O0,16,16,73420316,117290291,1.5975
memo,O0,16,17,90527074,117290290,1.2956
memo,O0,16,18,73333399,117290288,1.5994
memo,O0,16,19,90174963,117290291,1.3006
memo,O0,16,20,73491758,117290289,1.5959
memo,O0,16,21,90981409,117290292,1.2891
memo,O0,16,22,90048636,117290291,1.3025
memo,O0,16,23,73502287,117290289,1.5957
memo,O0,16,24,90751611,117290292,1.2924
memo,O0,16,25,73380282,117290290,1.5983
memo,O0,16,26,73650765,117290295,1.5925
memo,O0,16,27,90463744,117290290,1.2965
memo,O0,16,28,90196991,117290290,1.3003
memo,O0,16,29,93364740,117290290,1.2562
memo,O0,16,30,73378826,117290290,1.5984
memo,O0,32,1,84728587,124477370,1.4691
memo,O0,32,2,84544835,124477369,1.4723
memo,O0,32,3,84403697,124477371,1.4747
memo,O0,32,4,84462378,124477370,1.4737
memo,O0,32,5,84562812,124477372,1.4720
memo,O0,32,6,84838894,124477374,1.4672
memo,O0,32,7,93789443,124477372,1.3272
memo,O0,32,8,84672626,124477372,1.4701
memo,O0,32,9,84494903,124477370,1.4731
memo,O0,32,10,93626961,124477371,1.3295
memo,O0,32,11,84583353,124477373,1.4716
memo,O0,32,12,84606022,124477370,1.4712
memo,O0,32,13,94758504,124477375,1.3136
memo,O0,32,14,84540198,124477371,1.4724
memo,O0,32,15,84529718,124477370,1.4725
memo,O0,32,16,84426077,124477370,1.4743
memo,O0,32,17,84572677,124477372,1.4718
memo,O0,32,18,93582070,124477372,1.3301
memo,O0,32,19,93697853,124477370,1.3284
memo,O0,32,20,84470611,124477371,1.4736
memo,O0,32,21,94474725,124477371,1.3175
memo,O0,32,22,84551249,124477371,1.4722
memo,O0,32,23,93552892,124477372,1.3305
memo,O0,32,24,84704195,124477373,1.4695
memo,O0,32,25,84660023,124477373,1.4703
memo,O0,32,26,84409888,124477371,1.4746
memo,O0,32,27,84474457,124477374,1.4735
memo,O0,32,28,84698137,124477370,1.4696
memo,O0,32,29,84515233,124477371,1.4728
memo,O0,32,30,93476552,124477370,1.3316
memo,O0,64,1,90837112,128235976,1.4117
memo,O0,64,2,96825042,128235977,1.3244
memo,O0,64,3,96157351,128235979,1.3336
memo,O0,64,4,90915186,128235976,1.4105
memo,O0,64,5,95675156,128235976,1.3403
memo,O0,64,6,90859780,128235976,1.4113
memo,O0,64,7,91129079,128235976,1.4071
memo,O0,64,8,95651349,128235976,1.3406
memo,O0,64,9,90932167,128235975,1.4102
memo,O0,64,10,91004582,128235975,1.4091
memo,O0,64,11,90969725,128235977,1.4096
memo,O0,64,12,91025863,128235976,1.4087
memo,O0,64,13,91073078,128235976,1.4080
memo,O0,64,14,91716088,128235983,1.3981
memo,O0,64,15,90909685,128235977,1.4105
memo,O0,64,16,95925562,128235978,1.3368
memo,O0,64,17,90901460,128235976,1.4107
memo,O0,64,18,95469700,128235974,1.3432
memo,O0,64,19,90898073,128235975,1.4107
memo,O0,64,20,90892244,128235975,1.4108
memo,O0,64,21,91192769,128235975,1.4062
memo,O0,64,22,96275000,128235977,1.3319
memo,O0,64,23,90922172,128235975,1.4103
memo,O0,64,24,95619959,128235976,1.3411
memo,O0,64,25,91058272,128235975,1.4082
memo,O0,64,26,96173665,128235975,1.3333
memo,O0,64,27,90834009,128235976,1.4117
memo,O0,64,28,95525194,128235976,1.3424
memo,O0,64,29,95805817,128235976,1.3384
memo,O0,64,30,91014364,128235978,1.4089
memo,O0,128,1,95971005,130153044,1.3561
memo,O0,128,2,94948810,130153044,1.3707
memo,O0,128,3,94904295,130153044,1.3714
memo,O0,128,4,94989587,130153044,1.3701
memo,O0,128,5,95956532,130153044,1.3563
memo,O0,128,6,96173748,130153044,1.3533
memo,O0,128,7,94798322,130153044,1.3729
memo,O0,128,8,96332682,130153044,1.3510
memo,O0,128,9,95988342,130153045,1.3559
memo,O0,128,10,95943795,130153043,1.3565
memo,O0,128,11,94925024,130153045,1.3711
memo,O0,128,12,95820860,130153045,1.3582
memo,O0,128,13,96059804,130153043,1.3549
memo,O0,128,14,96255547,130153049,1.3521
memo,O0,128,15,94891967,130153047,1.3715
memo,O0,128,16,96833317,130153044,1.3440
memo,O0,128,17,96044108,130153043,1.3551
memo,O0,128,18,94935116,130153043,1.3709
memo,O0,128,19,94741674,130153045,1.3737
memo,O0,128,20,96364854,130153044,1.3506
memo,O0,128,21,96115295,130153044,1.3541
memo,O0,128,22,95987427,130153044,1.3559
memo,O0,128,23,96185983,130153043,1.3531
memo,O0,128,24,96093298,130153045,1.3544
memo,O0,128,25,96174664,130153044,1.3532
memo,O0,128,26,94905512,130153044,1.3713
memo,O0,128,27,94884126,130153044,1.3717
memo,O0,128,28,99516149,130153045,1.3078
memo,O0,128,29,94918458,130153043,1.3712
memo,O0,128,30,95125283,130153047,1.3682
memo,O0,256,1,95593196,131131622,1.3717
memo,O0,256,2,96538005,131131618,1.3583
memo,O0,256,3,95945323,131131615,1.3667
memo,O0,256,4,95451971,131131615,1.3737
memo,O0,256,5,95971796,131131618,1.3663
memo,O0,256,6,95792792,131131616,1.3689
memo,O0,256,7,95752890,131131616,1.3694
memo,O0,256,8,95425806,131131616,1.3741
memo,O0,256,9,95427773,131131616,1.3741
memo,O0,256,10,95212927,131131615,1.3772
memo,O0,256,11,95869886,131131615,1.3678
memo,O0,256,12,95232968,131131616,1.3769
memo,O0,256,13,95401268,131131615,1.3745
memo,O0,256,14,95351033,131131615,1.3752
memo,O0,256,15,95408286,131131614,1.3744
memo,O0,256,16,95433130,131131614,1.3740
memo,O0,256,17,95366472,131131615,1.3750
memo,O0,256,18,95927019,131131619,1.3669
memo,O0,256,19,95366495,131131616,1.3750
memo,O0,256,20,95511529,131131614,1.3729
memo,O0,256,21,95261844,131131615,1.3765
memo,O0,256,22,96940956,131131615,1.3526
memo,O0,256,23,95558233,131131643,1.3722
memo,O0,256,24,96143508,131131615,1.3639
memo,O0,256,25,96065992,131131620,1.3650
memo,O0,256,26,95575695,131131615,1.3720
memo,O0,256,27,97183032,131131615,1.3493
memo,O0,256,28,95874971,131131615,1.3677
memo,O0,256,29,95951275,131131615,1.3666
memo,O0,256,30,96061545,131131615,1.3650
memo,O0,512,1,97115382,131601203,1.3551
memo,O0,512,2,97816755,131601203,1.3453
memo,O0,512,3,96281465,131601203,1.3668
memo,O0,512,4,96644364,131601203,1.3617
memo,O0,512,5,96629571,131601205,1.3619
memo,O0,512,6,96459364,131601204,1.3643
memo,O0,512,7,96229337,131601203,1.3675
memo,O0,512,8,97127451,131601203,1.3549
memo,O0,512,9,97818132,131601204,1.3453
memo,O0,512,10,96051541,131601202,1.3701
memo,O0,512,11,96820617,131601203,1.3592
memo,O0,512,12,96563055,131601204,1.3628
memo,O0,512,13,97100300,131601202,1.3553
memo,O0,512,14,96312847,131601207,1.3663
memo,O0,512,15,96481040,131601203,1.3640
memo,O0,512,16,96395080,131601203,1.3652
memo,O0,512,17,96713988,131601203,1.3607
memo,O0,512,18,98163381,131601203,1.3406
memo,O0,512,19,96231453,131601206,1.3675
memo,O0,512,20,97300767,131601204,1.3525
memo,O0,512,21,96150925,131601202,1.3686
memo,O0,512,22,96340212,131601202,1.3660
memo,O0,512,23,96215517,131601203,1.3677
memo,O0,512,24,96485164,131601204,1.3639
memo,O0,512,25,97497771,131601203,1.3497
memo,O0,512,26,96101997,131601203,1.3693
memo,O0,512,27,96627346,131601203,1.3619
memo,O0,512,28,97279972,131601203,1.3528
memo,O0,512,29,96151570,131601203,1.3686
memo,O0,512,30,95961172,131601202,1.3714
memo,O2,16,1,55122013,68349136,1.2399
memo,O2,16,2,55063273,68349140,1.2412
memo,O2,16,3,73685649,68349138,.9275
memo,O2,16,4,72795489,68349137,.9389
memo,O2,16,5,72864764,68349136,.9380
memo,O2,16,6,54926477,68349137,1.2443
memo,O2,16,7,54926843,68349135,1.2443
memo,O2,16,8,54940315,68349137,1.2440
memo,O2,16,9,54803348,68349136,1.2471
memo,O2,16,10,55188543,68349134,1.2384
memo,O2,16,11,54834123,68349136,1.2464
memo,O2,16,12,72920643,68349136,.9373
memo,O2,16,13,73818517,68349138,.9259
memo,O2,16,14,73030173,68349137,.9359
memo,O2,16,15,72812181,68349137,.9387
memo,O2,16,16,54987911,68349135,1.2429
memo,O2,16,17,54871856,68349136,1.2456
memo,O2,16,18,72655029,68349136,.9407
memo,O2,16,19,54936520,68349137,1.2441
memo,O2,16,20,54800126,68349135,1.2472
memo,O2,16,21,73041542,68349138,.9357
memo,O2,16,22,55208512,68349136,1.2380
memo,O2,16,23,55024732,68349137,1.2421
memo,O2,16,24,54965567,68349136,1.2434
memo,O2,16,25,55009347,68349137,1.2425
memo,O2,16,26,72979968,68349142,.9365
memo,O2,16,27,72833201,68349138,.9384
memo,O2,16,28,72809333,68349135,.9387
memo,O2,16,29,54912145,68349136,1.2446
memo,O2,16,30,54863012,68349135,1.2458
memo,O2,32,1,76180220,72113787,.9466
memo,O2,32,2,66618729,72113785,1.0824
memo,O2,32,3,66329767,72113785,1.0872
memo,O2,32,4,76680807,72113785,.9404
memo,O2,32,5,75677189,72113786,.9529
memo,O2,32,6,67375100,72113786,1.0703
memo,O2,32,7,67894369,72113785,1.0621
memo,O2,32,8,66309758,72113785,1.0875
memo,O2,32,9,67583571,72113786,1.0670
memo,O2,32,10,78471636,72113788,.9189
memo,O2,32,11,66370122,72113785,1.0865
memo,O2,32,12,66377165,72113786,1.0864
memo,O2,32,13,76349244,72113789,.9445
memo,O2,32,14,76532030,72113786,.9422
memo,O2,32,15,76430591,72113786,.9435
memo,O2,32,16,77119303,72113787,.9350
memo,O2,32,17,76829106,72113785,.9386
memo,O2,32,18,75656617,72113786,.9531
memo,O2,32,19,76483281,72113786,.9428
memo,O2,32,20,68040619,72113785,1.0598
memo,O2,32,21,76568927,72113786,.9418
memo,O2,32,22,76084870,72113787,.9478
memo,O2,32,23,75852329,72113786,.9507
memo,O2,32,24,67493183,72113785,1.0684
memo,O2,32,25,66392989,72113785,1.0861
memo,O2,32,26,66650062,72113790,1.0819
memo,O2,32,27,67119253,72113787,1.0744
memo,O2,32,28,76525315,72113786,.9423
memo,O2,32,29,66632694,72113786,1.0822
memo,O2,32,30,76067485,72113786,.9480
memo,O2,64,1,77836229,74082534,.9517
memo,O2,64,2,77877167,74082535,.9512
memo,O2,64,3,72920569,74082534,1.0159
memo,O2,64,4,72827425,74082534,1.0172
memo,O2,64,5,78038274,74082535,.9493
memo,O2,64,6,77967803,74082533,.9501
memo,O2,64,7,73064083,74082533,1.0139
memo,O2,64,8,77772414,74082535,.9525
memo,O2,64,9,77904152,74082536,.9509
memo,O2,64,10,72777127,74082533,1.0179
memo,O2,64,11,78153075,74082538,.9479
memo,O2,64,12,72849906,74082537,1.0169
memo,O2,64,13,72959572,74082533,1.0153
memo,O2,64,14,72822141,74082534,1.0173
memo,O2,64,15,77818787,74082538,.9519
memo,O2,64,16,72786985,74082533,1.0177
memo,O2,64,17,77915161,74082535,.9508
memo,O2,64,18,77900026,74082534,.9509
memo,O2,64,19,77272182,74082534,.9587
memo,O2,64,20,73000499,74082535,1.0148
memo,O2,64,21,77756614,74082534,.9527
memo,O2,64,22,72730348,74082533,1.0185
memo,O2,64,23,72799824,74082534,1.0176
memo,O2,64,24,72893704,74082534,1.0163
memo,O2,64,25,78039852,74082533,.9492
memo,O2,64,26,77831388,74082534,.9518
memo,O2,64,27,77897956,74082533,.9510
memo,O2,64,28,77934823,74082533,.9505
memo,O2,64,29,77920837,74082535,.9507
memo,O2,64,30,78042297,74082538,.9492
memo,O2,128,1,75720058,75086385,.9916
memo,O2,128,2,78597335,75086389,.9553
memo,O2,128,3,76085610,75086385,.9868
memo,O2,128,4,78270702,75086386,.9593
memo,O2,128,5,78365801,75086385,.9581
memo,O2,128,6,78543497,75086386,.9559
memo,O2,128,7,79095412,75086386,.9493
memo,O2,128,8,75732099,75086390,.9914
memo,O2,128,9,78191009,75086386,.9602
memo,O2,128,10,75884396,75086386,.9894
memo,O2,128,11,76163749,75086385,.9858
memo,O2,128,12,75910319,75086389,.9891
memo,O2,128,13,78218563,75086389,.9599
memo,O2,128,14,75715416,75086386,.9916
memo,O2,128,15,78399439,75086386,.9577
memo,O2,128,16,78424845,75086389,.9574
memo,O2,128,17,75837022,75086386,.9901
memo,O2,128,18,75677038,75086386,.9921
memo,O2,128,19,75734454,75086386,.9914
memo,O2,128,20,78478752,75086386,.9567
memo,O2,128,21,75736799,75086387,.9914
memo,O2,128,22,76076610,75086387,.9869
memo,O2,128,23,75650926,75086390,.9925
memo,O2,128,24,76340827,75086390,.9835
memo,O2,128,25,78382459,75086388,.9579
memo,O2,128,26,75641023,75086388,.9926
memo,O2,128,27,75667846,75086386,.9923
memo,O2,128,28,78656396,75086390,.9546
memo,O2,128,29,78264689,75086389,.9593
memo,O2,128,30,78524463,75086386,.9562
memo,O2,256,1,78091332,75599264,.9680
memo,O2,256,2,82771969,75599262,.9133
memo,O2,256,3,77928898,75599262,.9701
memo,O2,256,4,78738064,75599260,.9601
memo,O2,256,5,78284040,75599264,.9657
memo,O2,256,6,77850854,75599261,.9710
memo,O2,256,7,78642456,75599261,.9613
memo,O2,256,8,78669126,75599265,.9609
memo,O2,256,9,78614193,75599261,.9616
memo,O2,256,10,78616143,75599261,.9616
memo,O2,256,11,77923841,75599263,.9701
memo,O2,256,12,78546117,75599261,.9624
memo,O2,256,13,77961586,75599261,.9696
memo,O2,256,14,78655178,75599260,.9611
memo,O2,256,15,78412349,75599263,.9641
memo,O2,256,16,78985705,75599263,.9571
memo,O2,256,17,77951653,75599260,.9698
memo,O2,256,18,77892940,75599259,.9705
memo,O2,256,19,78770028,75599262,.9597
memo,O2,256,20,78016196,75599259,.9690
memo,O2,256,21,77933848,75599261,.9700
memo,O2,256,22,77909537,75599261,.9703
memo,O2,256,23,78458514,75599261,.9635
memo,O2,256,24,78558842,75599271,.9623
memo,O2,256,25,77952869,75599261,.9698
memo,O2,256,26,78552861,75599261,.9623
memo,O2,256,27,78689538,75599262,.9607
memo,O2,256,28,77970105,75599261,.9695
memo,O2,256,29,78107784,75599264,.9678
memo,O2,256,30,78774328,75599261,.9596
memo,O2,512,1,79792965,75844209,.9505
memo,O2,512,2,79095646,75844209,.9588
memo,O2,512,3,79475699,75844211,.9543
memo,O2,512,4,79549533,75844208,.9534
memo,O2,512,5,79414231,75844208,.9550
memo,O2,512,6,79527004,75844208,.9536
memo,O2,512,7,79418364,75844211,.9549
memo,O2,512,8,79356258,75844211,.9557
memo,O2,512,9,78841146,75844208,.9619
memo,O2,512,10,79008545,75844207,.9599
memo,O2,512,11,79303040,75844208,.9563
memo,O2,512,12,78841327,75844207,.9619
memo,O2,512,13,78940356,75844210,.9607
memo,O2,512,14,79418000,75844211,.9550
memo,O2,512,15,79360190,75844206,.9556
memo,O2,512,16,79034802,75844208,.9596
memo,O2,512,17,79353904,75844208,.9557
memo,O2,512,18,79194414,75844208,.9576
memo,O2,512,19,79607217,75844211,.9527
memo,O2,512,20,78906530,75844208,.9611
memo,O2,512,21,79266205,75844212,.9568
memo,O2,512,22,79385125,75844208,.9553
memo,O2,512,23,78827122,75844207,.9621
memo,O2,512,24,79448877,75844208,.9546
memo,O2,512,25,79162621,75844207,.9580
memo,O2,512,26,79023644,75844212,.9597
memo,O2,512,27,79163266,75844208,.9580
memo,O2,512,28,79336550,75844236,.9559
memo,O2,512,29,79503375,75844207,.9539
memo,O2,512,30,79390480,75844208,.9553
